Zipcode,Type,Value
10001,ComplaintFreq,10017
10002,ComplaintFreq,17960
10003,ComplaintFreq,16257
10004,ComplaintFreq,1949
10005,ComplaintFreq,1837
10006,ComplaintFreq,1115
10007,ComplaintFreq,3459
10009,ComplaintFreq,13847
10010,ComplaintFreq,6904
10011,ComplaintFreq,12885
10012,ComplaintFreq,9180
10013,ComplaintFreq,10529
10014,ComplaintFreq,9146
10016,ComplaintFreq,13011
10017,ComplaintFreq,5697
10018,ComplaintFreq,5073
10019,ComplaintFreq,13456
10020,ComplaintFreq,306
10021,ComplaintFreq,6934
10022,ComplaintFreq,7809
10023,ComplaintFreq,12097
10024,ComplaintFreq,10824
10025,ComplaintFreq,18631
10026,ComplaintFreq,10406
10027,ComplaintFreq,15250
10028,ComplaintFreq,7439
10029,ComplaintFreq,15404
10030,ComplaintFreq,9646
10031,ComplaintFreq,23236
10032,ComplaintFreq,18755
10033,ComplaintFreq,17547
10034,ComplaintFreq,16173
10035,ComplaintFreq,9835
10036,ComplaintFreq,11252
10037,ComplaintFreq,4951
10038,ComplaintFreq,4590
10039,ComplaintFreq,7340
10040,ComplaintFreq,15467
10044,ComplaintFreq,401
10065,ComplaintFreq,5113
10075,ComplaintFreq,4283
10128,ComplaintFreq,8170
10280,ComplaintFreq,584
10301,ComplaintFreq,11322
10302,ComplaintFreq,5205
10303,ComplaintFreq,6447
10304,ComplaintFreq,11213
10305,ComplaintFreq,9587
10306,ComplaintFreq,13496
10307,ComplaintFreq,2881
10308,ComplaintFreq,6350
10309,ComplaintFreq,7756
10310,ComplaintFreq,7170
10312,ComplaintFreq,14428
10314,ComplaintFreq,19634
10451,ComplaintFreq,13634
10452,ComplaintFreq,25647
10453,ComplaintFreq,26489
10454,ComplaintFreq,7924
10455,ComplaintFreq,9890
10456,ComplaintFreq,23156
10457,ComplaintFreq,23101
10458,ComplaintFreq,25225
10459,ComplaintFreq,13768
10460,ComplaintFreq,17429
10461,ComplaintFreq,13587
10462,ComplaintFreq,18338
10463,ComplaintFreq,18583
10464,ComplaintFreq,1713
10465,ComplaintFreq,10417
10466,ComplaintFreq,18608
10467,ComplaintFreq,30328
10468,ComplaintFreq,25513
10469,ComplaintFreq,15057
10470,ComplaintFreq,5390
10471,ComplaintFreq,4776
10472,ComplaintFreq,21056
10473,ComplaintFreq,10575
10474,ComplaintFreq,4936
10475,ComplaintFreq,2867
11004,ComplaintFreq,2137
11005,ComplaintFreq,94
11101,ComplaintFreq,14208
11102,ComplaintFreq,8084
11103,ComplaintFreq,8786
11104,ComplaintFreq,6001
11105,ComplaintFreq,9003
11106,ComplaintFreq,9465
11201,ComplaintFreq,15160
11203,ComplaintFreq,20586
11204,ComplaintFreq,15282
11205,ComplaintFreq,12578
11206,ComplaintFreq,22787
11207,ComplaintFreq,27856
11208,ComplaintFreq,26040
11209,ComplaintFreq,22066
11210,ComplaintFreq,15021
11211,ComplaintFreq,17967
11212,ComplaintFreq,20566
11213,ComplaintFreq,21857
11214,ComplaintFreq,17714
11215,ComplaintFreq,19597
11216,ComplaintFreq,20956
11217,ComplaintFreq,13674
11218,ComplaintFreq,17782
11219,ComplaintFreq,14687
11220,ComplaintFreq,19382
11221,ComplaintFreq,23733
11222,ComplaintFreq,12145
11223,ComplaintFreq,15604
11224,ComplaintFreq,6683
11225,ComplaintFreq,21987
11226,ComplaintFreq,37692
11228,ComplaintFreq,11572
11229,ComplaintFreq,16521
11230,ComplaintFreq,19256
11231,ComplaintFreq,9547
11232,ComplaintFreq,7619
11233,ComplaintFreq,21110
11234,ComplaintFreq,22161
11235,ComplaintFreq,17823
11236,ComplaintFreq,18896
11237,ComplaintFreq,18124
11238,ComplaintFreq,19338
11239,ComplaintFreq,1421
11354,ComplaintFreq,10387
11355,ComplaintFreq,13232
11356,ComplaintFreq,6905
11357,ComplaintFreq,8816
11358,ComplaintFreq,8851
11359,ComplaintFreq,23
11360,ComplaintFreq,2988
11361,ComplaintFreq,7095
11362,ComplaintFreq,3537
11363,ComplaintFreq,2003
11364,ComplaintFreq,6430
11365,ComplaintFreq,7937
11366,ComplaintFreq,8124
11367,ComplaintFreq,7058
11368,ComplaintFreq,18908
11369,ComplaintFreq,8319
11370,ComplaintFreq,5273
11372,ComplaintFreq,11410
11373,ComplaintFreq,16715
11374,ComplaintFreq,8383
11375,ComplaintFreq,13392
11377,ComplaintFreq,17849
11378,ComplaintFreq,11999
11379,ComplaintFreq,9397
11385,ComplaintFreq,31132
11411,ComplaintFreq,4118
11412,ComplaintFreq,8355
11413,ComplaintFreq,8917
11414,ComplaintFreq,7487
11415,ComplaintFreq,4454
11416,ComplaintFreq,7086
11417,ComplaintFreq,10030
11418,ComplaintFreq,10605
11419,ComplaintFreq,14426
11420,ComplaintFreq,14923
11421,ComplaintFreq,10759
11422,ComplaintFreq,5809
11423,ComplaintFreq,6605
11426,ComplaintFreq,3780
11427,ComplaintFreq,4658
11428,ComplaintFreq,4137
11429,ComplaintFreq,5046
11432,ComplaintFreq,12764
11433,ComplaintFreq,10030
11434,ComplaintFreq,12487
11435,ComplaintFreq,11947
11436,ComplaintFreq,4792
11691,ComplaintFreq,12316
11692,ComplaintFreq,3412
11693,ComplaintFreq,3294
11694,ComplaintFreq,5313
11695,ComplaintFreq,22
11697,ComplaintFreq,178
10001,Population,17310
10002,Population,84870
10003,Population,53673
10004,Population,1225
10005,Population,884
10006,Population,1447
10007,Population,3522
10009,Population,58595
10010,Population,26408
10011,Population,46669
10012,Population,26000
10013,Population,25042
10014,Population,32667
10016,Population,51217
10017,Population,16201
10018,Population,4255
10019,Population,36012
10020,Population,1
10021,Population,102078
10022,Population,30642
10023,Population,62206
10024,Population,61414
10025,Population,97086
10026,Population,30377
10027,Population,56168
10028,Population,44987
10029,Population,75390
10030,Population,25847
10031,Population,60221
10032,Population,63842
10033,Population,58259
10034,Population,41756
10035,Population,32702
10036,Population,18751
10037,Population,16984
10038,Population,15574
10039,Population,21737
10040,Population,46599
10044,Population,9520
10128,Population,59856
10280,Population,6614
10301,Population,38805
10302,Population,16406
10303,Population,23530
10304,Population,38972
10305,Population,38450
10306,Population,55698
10307,Population,11669
10308,Population,26451
10309,Population,27207
10310,Population,22852
10312,Population,58867
10314,Population,84821
10451,Population,40961
10452,Population,72138
10453,Population,76775
10454,Population,34976
10455,Population,37465
10456,Population,76656
10457,Population,69048
10458,Population,77840
10459,Population,39080
10460,Population,53707
10461,Population,49808
10462,Population,72077
10463,Population,65576
10464,Population,4634
10465,Population,42500
10466,Population,68787
10467,Population,94342
10468,Population,78309
10469,Population,63345
10470,Population,15780
10471,Population,23413
10472,Population,64867
10473,Population,56166
10474,Population,11354
10475,Population,38086
11004,Population,14682
11005,Population,2195
11101,Population,25595
11102,Population,36291
11103,Population,44321
11104,Population,29506
11105,Population,42117
11106,Population,43130
11201,Population,47746
11203,Population,84498
11204,Population,74880
11205,Population,35622
11206,Population,69032
11207,Population,86551
11208,Population,87165
11209,Population,69840
11210,Population,62308
11211,Population,85089
11212,Population,85161
11213,Population,65440
11214,Population,83546
11215,Population,63001
11216,Population,55775
11217,Population,35353
11218,Population,74611
11219,Population,85987
11220,Population,92718
11221,Population,76363
11222,Population,39360
11223,Population,77691
11224,Population,51205
11225,Population,63774
11226,Population,106154
11228,Population,41172
11229,Population,80554
11230,Population,88933
11231,Population,32974
11232,Population,27723
11233,Population,61955
11234,Population,86898
11235,Population,77451
11236,Population,96301
11237,Population,48910
11238,Population,48965
11239,Population,14620
11354,Population,54329
11355,Population,83281
11356,Population,20444
11357,Population,39491
11358,Population,38647
11360,Population,19350
11361,Population,29206
11362,Population,17502
11363,Population,6917
11364,Population,34539
11365,Population,41566
11366,Population,13366
11367,Population,38216
11368,Population,98841
11369,Population,36110
11370,Population,43142
11372,Population,71308
11373,Population,105723
11374,Population,44189
11375,Population,70204
11377,Population,88339
11378,Population,34053
11379,Population,28984
11385,Population,97524
11411,Population,21282
11412,Population,37452
11413,Population,39827
11414,Population,28121
11415,Population,20956
11416,Population,23668
11417,Population,28607
11418,Population,36571
11419,Population,48867
11420,Population,45498
11421,Population,37664
11422,Population,30449
11423,Population,31240
11426,Population,18727
11427,Population,23014
11428,Population,21023
11429,Population,27647
11432,Population,57045
11433,Population,28435
11434,Population,59142
11435,Population,53877
11436,Population,18148
11691,Population,56184
11692,Population,15893
11693,Population,11157
11694,Population,19278
11697,Population,4226
10001,AvgIncome,40932
10002,AvgIncome,24022
10003,AvgIncome,60891
10004,AvgIncome,101868
10005,AvgIncome,79517
10006,AvgIncome,81334
10007,AvgIncome,112947
10009,AvgIncome,40176
10010,AvgIncome,62467
10011,AvgIncome,61986
10012,AvgIncome,58313
10013,AvgIncome,38304
10014,AvgIncome,66601
10016,AvgIncome,66342
10017,AvgIncome,69273
10018,AvgIncome,48705
10019,AvgIncome,55869
10020,AvgIncome,0
10021,AvgIncome,75472
10022,AvgIncome,80406
10023,AvgIncome,72424
10024,AvgIncome,78066
10025,AvgIncome,49733
10026,AvgIncome,22491
10027,AvgIncome,23150
10028,AvgIncome,77565
10029,AvgIncome,22232
10030,AvgIncome,17970
10031,AvgIncome,24285
10032,AvgIncome,26237
10033,AvgIncome,31348
10034,AvgIncome,29479
10035,AvgIncome,14896
10036,AvgIncome,41002
10037,AvgIncome,26561
10038,AvgIncome,31316
10039,AvgIncome,17370
10040,AvgIncome,27905
10044,AvgIncome,49976
10128,AvgIncome,70031
10280,AvgIncome,108536
10301,AvgIncome,45620
10302,AvgIncome,42452
10303,AvgIncome,42463
10304,AvgIncome,41041
10305,AvgIncome,48944
10306,AvgIncome,55413
10307,AvgIncome,64159
10308,AvgIncome,61868
10309,AvgIncome,65397
10310,AvgIncome,46198
10312,AvgIncome,67728
10314,AvgIncome,59560
10451,AvgIncome,20307
10452,AvgIncome,20606
10453,AvgIncome,21109
10454,AvgIncome,14271
10455,AvgIncome,19389
10456,AvgIncome,16664
10457,AvgIncome,19233
10458,AvgIncome,22072
10459,AvgIncome,17498
10460,AvgIncome,19517
10461,AvgIncome,40024
10462,AvgIncome,33735
10463,AvgIncome,40497
10464,AvgIncome,57458
10465,AvgIncome,45650
10466,AvgIncome,37141
10467,AvgIncome,29044
10468,AvgIncome,26852
10469,AvgIncome,42102
10470,AvgIncome,38464
10471,AvgIncome,56488
10472,AvgIncome,23565
10473,AvgIncome,27733
10474,AvgIncome,16339
10475,AvgIncome,40528
11004,AvgIncome,55156
11005,AvgIncome,55351
11101,AvgIncome,28872
11102,AvgIncome,35078
11103,AvgIncome,38482
11104,AvgIncome,37962
11105,AvgIncome,38674
11106,AvgIncome,34651
11201,AvgIncome,56293
11203,AvgIncome,37341
11204,AvgIncome,31798
11205,AvgIncome,28070
11206,AvgIncome,18661
11207,AvgIncome,24163
11208,AvgIncome,27078
11209,AvgIncome,44518
11210,AvgIncome,42967
11211,AvgIncome,23567
11212,AvgIncome,20839
11213,AvgIncome,26366
11214,AvgIncome,33765
11215,AvgIncome,53313
11216,AvgIncome,25135
11217,AvgIncome,49567
11218,AvgIncome,36432
11219,AvgIncome,26648
11220,AvgIncome,30152
11221,AvgIncome,22305
11222,AvgIncome,33578
11223,AvgIncome,32104
11224,AvgIncome,21281
11225,AvgIncome,30192
11226,AvgIncome,29498
11228,AvgIncome,44932
11229,AvgIncome,37812
11230,AvgIncome,32327
11231,AvgIncome,45154
11232,AvgIncome,28395
11233,AvgIncome,22754
11234,AvgIncome,51446
11235,AvgIncome,31013
11236,AvgIncome,42370
11237,AvgIncome,23104
11238,AvgIncome,39917
11239,AvgIncome,16919
11354,AvgIncome,37155
11355,AvgIncome,36973
11356,AvgIncome,48738
11357,AvgIncome,54910
11358,AvgIncome,51242
11360,AvgIncome,58803
11361,AvgIncome,55250
11362,AvgIncome,61053
11363,AvgIncome,67550
11364,AvgIncome,54031
11365,AvgIncome,50744
11366,AvgIncome,62325
11367,AvgIncome,45285
11368,AvgIncome,34746
11369,AvgIncome,39936
11370,AvgIncome,44429
11372,AvgIncome,39084
11373,AvgIncome,38151
11374,AvgIncome,40998
11375,AvgIncome,51350
11377,AvgIncome,37360
11378,AvgIncome,43107
11379,AvgIncome,49083
11385,AvgIncome,36434
11411,AvgIncome,62071
11412,AvgIncome,48536
11413,AvgIncome,56726
11414,AvgIncome,51175
11415,AvgIncome,45344
11416,AvgIncome,39692
11417,AvgIncome,42889
11418,AvgIncome,40924
11419,AvgIncome,43066
11420,AvgIncome,47584
11421,AvgIncome,44550
11422,AvgIncome,58396
11423,AvgIncome,46047
11426,AvgIncome,58065
11427,AvgIncome,51336
11428,AvgIncome,55219
11429,AvgIncome,54467
11432,AvgIncome,42414
11433,AvgIncome,31869
11434,AvgIncome,43133
11435,AvgIncome,40157
11436,AvgIncome,40194
11691,AvgIncome,27820
11692,AvgIncome,29059
11693,AvgIncome,37248
11694,AvgIncome,48604
11697,AvgIncome,58491
