Var1	Var2	value	zipCode	Boro	Neighbor	Analysis 
TAVG	Homeless Person Assistance	Positive	10010	Manhattan	Gramercy Park and Murray Hill	outdoor homeless
TAVG	Noise - Residential	Positive	10010	Manhattan	Gramercy Park and Murray Hill	Parties create noise
TAVG	General Construction/Plumbing	Positive	10010	Manhattan	Gramercy Park and Murray Hill	high usage of water
TAVG	Broken Muni Meter	Positive	10010	Manhattan	Gramercy Park and Murray Hill	high usage of muni meter
TAVG	Homeless Person Assistance	Positive	10017	Manhattan	Gramercy Park and Murray Hill	outdoor homeless
TAVG	Illegal Parking	Positive	10017	Manhattan	Gramercy Park and Murray Hill	hard to find legal parking spot during summer time
TAVG	Broken Muni Meter	Positive	10017	Manhattan	Gramercy Park and Murray Hill	high usage of muni meter
TAVG	Noise - Residential	Positive	10017	Manhattan	Gramercy Park and Murray Hill	Parties create noise
TAVG	HEAT/HOT WATER	Negative	10032	Manhattan	Inwood and Washington Heights	need heat in cold temperture
TAVG	DOOR/WINDOW	Positive	10039	Manhattan	Central Harlem	buildings are lack of repair
TAVG	PAINT - PLASTER	Positive	10039	Manhattan	Central Harlem	buildings are lack of repair
TAVG	HEAT/HOT WATER	Positive	10039	Manhattan	Central Harlem	buildings are lack of repair
TAVG	HEAT/HOT WATER	Positive	10065	Manhattan	Upper East Side	buildings are lack of repair
TAVG	Electronics Waste	Negative	10308	Staten Island	South Shore	"when temperturns is low, less frequent for garbage collection"
TAVG	Missed Collection (All Materials)	Negative	10308	Staten Island	South Shore	"when temperturns is low, less frequent for garbage collection"
TAVG	HEAT/HOT WATER	Negative	10455	Bronx	Hunts Point and Mott Haven	need heat in cold temperture
TAVG	HEAT/HOT WATER	Negative	10460	Bronx	Central Bronx	need heat in cold temperture
TAVG	HEAT/HOT WATER	Negative	10466	Bronx	Northeast Bronx	need heat in cold temperture
TAVG	Unsanitation Condition	Negative	10474	Bronx	Hunts Point and Mott Haven	"when temperturns is low, less frequent for garbage collection or remove snow"
TAVG	Blocked Driveway	Negative	10474	Bronx	Hunts Point and Mott Haven	people don't move their cars in snow day
TAVG	Noise - Residential	Positive	10474	Bronx	Hunts Point and Mott Haven	Parties create noise
TAVG	Street Condition	Positive	10474	Bronx	Hunts Point and Mott Haven	smelly or dirty in summer
TAVG	Unsanitation Condition	Positive	10474	Bronx	Hunts Point and Mott Haven	smelly or dirty in summer
TAVG	General Construction/Plumbing	Negative	11105	Queens	Northwest Queens	broken  sewer or unfinished constructure
TAVG	HEAT/HOT WATER	Positive	11105	Queens	Northwest Queens	buildings are lack of repair
TAVG	Street Light Condition	Positive	11106	Queens	Northwest Queens	Outdoor pedestrian file complaint
TAVG	Traffic Signal Condition	Positive	11106	Queens	Northwest Queens	Outdoor pedestrian file complaint
TAVG	HEAT/HOT WATER	Negative	11224	Brooklyn	Southern Brooklyn	need heat in cold temperture
TAVG	General Construction/Plumbing	Positive	11224	Brooklyn	Southern Brooklyn	frequent new constructure
TAVG	Water System	Positive	11224	Brooklyn	Southern Brooklyn	frequent new constructure
TAVG	Blocked Driveway	Negative	11356	Queens	North Queens	people don't move their cars in snow day
TAVG	Street Condition	Negative	11356	Queens	North Queens	"when temperturns is low, less frequent for garbage collection or remove snow"
TAVG	Street Light Condition	Negative	11356	Queens	North Queens	broken street light in cold condition or no light in the dark
TAVG	Blocked Driveway	Positive	11356	Queens	North Queens	parties create illegal parking or more people go out in summer time
TAVG	Building/Use	Positive	11356	Queens	North Queens	Neighbors discover more illegal construstions
TAVG	Derelict Vehicles	Positive	11356	Queens	North Queens	Neighbors discover more abandoned cars
TAVG	General Construction/Plumbing	Positive	11419	Queens	Southwest Queens	frequent new constructure
